incident_type,governorate,zone,lat,lon,timestamp
medical_emergency,Ahmadi,Ahmadi,28.570743,47.891252,2025-10-28T03:24:08.910830
assault,Capital,Dasman,29.592788,47.871602,2025-12-31T08:36:28.808838
medical_emergency,Mubarak Al-Kabeer,Sabah Al-Salem,28.726073,48.467991,2025-11-02T10:14:30.004808
theft,Hawalli,Rumaithiya,28.845818,48.433093,2026-01-09T18:04:20.333547
traffic_accident,Ahmadi,Mangaf,29.928903,47.81761,2026-01-05T05:38:04.206180
traffic_accident,Farwaniya,Ardiya,29.240263,47.430197,2025-12-24T06:36:15.088244
domestic_dispute,Capital,Sharq,29.987177,48.134715,2026-01-15T08:55:39.849496
suspicious_activity,Mubarak Al-Kabeer,Qurain,29.335653,47.727565,2025-11-10T00:44:11.188695
suspicious_activity,Hawalli,Rumaithiya,29.203558,48.169855,2026-01-04T19:55:08.253885
suspicious_activity,Jahra,Jahra,28.948179,47.794152,2025-11-15T09:44:20.341024
traffic_accident,Capital,Sharq,29.303001,47.332553,2025-10-31T06:02:57.878746
theft,Farwaniya,Ardiya,28.800429,48.3414,2025-12-22T10:45:45.231846
fire,Jahra,Sulaibiya,29.173219,48.105675,2025-12-15T20:11:03.906124
theft,Farwaniya,Jleeb Al-Shuyoukh,28.876832,47.547974,2025-12-23T15:35:01.095231
theft,Jahra,Sulaibiya,28.988024,47.44775,2025-11-20T06:19:55.673888
medical_emergency,Farwaniya,Farwaniya,30.012459,47.876163,2026-01-06T12:29:48.966502
vandalism,Ahmadi,Mangaf,29.581486,46.626305,2025-11-17T11:26:27.319797
noise_complaint,Hawalli,Bayan,28.833267,46.908742,2025-12-01T16:35:32.761723
vandalism,Mubarak Al-Kabeer,Mubarak Al-Kabeer,29.715052,46.581214,2025-11-07T15:16:40.358284
theft,Mubarak Al-Kabeer,Qurain,29.819634,48.453493,2025-11-05T00:50:18.016421
fire,Mubarak Al-Kabeer,Qurain,28.585485,47.166292,2025-12-21T21:52:35.692759
assault,Capital,Sharq,29.590924,47.776155,2025-11-12T18:53:56.196705
noise_complaint,Jahra,Naeem,28.79507,48.252707,2025-12-14T07:33:49.551768
domestic_dispute,Farwaniya,Ardiya,30.096957,47.875765,2025-10-30T02:09:31.553546
domestic_dispute,Jahra,Jahra,29.404221,48.15305,2025-10-20T16:03:16.216097
fire,Jahra,Sulaibiya,29.997008,48.210915,2026-01-10T13:13:46.244185
assault,Farwaniya,Jleeb Al-Shuyoukh,29.736256,48.126119,2025-10-27T12:24:55.326316
traffic_accident,Ahmadi,Abu Halifa,28.742771,47.051931,2025-12-28T06:48:13.713093
vandalism,Hawalli,Hawalli,28.783377,48.300807,2025-10-29T00:15:06.523997
traffic_accident,Hawalli,Rumaithiya,29.065185,47.8048,2026-01-10T11:20:39.586565
medical_emergency,Capital,Kuwait City,29.089865,46.991274,2025-12-12T13:01:54.086648
theft,Mubarak Al-Kabeer,Mubarak Al-Kabeer,29.569462,47.268151,2025-12-03T13:36:15.440801
traffic_accident,Ahmadi,Fahaheel,28.540163,47.330775,2026-01-10T10:59:06.855453
noise_complaint,Farwaniya,Khaitan,29.933612,47.556445,2025-12-12T02:25:15.086036
fire,Capital,Mirqab,30.034004,46.905452,2025-10-19T10:02:12.964892
assault,Mubarak Al-Kabeer,Qurain,29.773684,47.441089,2025-11-22T00:14:48.767329
fire,Hawalli,Rumaithiya,28.873131,48.479528,2026-01-03T01:11:11.371738
traffic_accident,Capital,Sharq,29.254384,46.76343,2025-10-18T17:16:58.369021
noise_complaint,Jahra,Jahra,28.916413,47.327666,2025-11-09T06:55:14.307288
vandalism,Jahra,Sulaibiya,28.682063,46.968225,2025-10-31T06:34:05.450916
vandalism,Capital,Kuwait City,28.804183,48.339229,2025-11-20T21:03:22.827645
noise_complaint,Capital,Mirqab,29.71908,48.291068,2025-12-19T02:15:05.313292
fire,Farwaniya,Jleeb Al-Shuyoukh,29.384488,46.912662,2026-01-02T12:11:39.679148
noise_complaint,Hawalli,Bayan,29.563131,47.846049,2025-12-06T00:11:11.720652
medical_emergency,Capital,Salhiya,29.04691,48.199476,2025-11-07T10:54:44.682918
assault,Hawalli,Mishref,29.500654,47.484084,2025-12-26T06:03:41.790556
medical_emergency,Farwaniya,Jleeb Al-Shuyoukh,28.983482,47.62822,2026-01-06T19:07:47.887925
domestic_dispute,Jahra,Qasr,28.796052,47.422709,2025-10-29T12:31:35.282072
traffic_accident,Farwaniya,Jleeb Al-Shuyoukh,30.067607,46.748674,2025-11-30T19:47:03.447018
vandalism,Capital,Salhiya,29.551325,48.296134,2025-12-16T20:19:34.742968
domestic_dispute,Capital,Kuwait City,29.516491,46.706956,2025-12-08T23:08:14.805552
fire,Jahra,Jahra,28.79494,46.790179,2025-11-20T12:54:40.277484
suspicious_activity,Hawalli,Hawalli,30.017271,46.765859,2025-11-12T07:57:14.233355
domestic_dispute,Farwaniya,Jleeb Al-Shuyoukh,30.091866,47.842908,2025-11-01T10:01:32.626473
vandalism,Farwaniya,Khaitan,29.374389,47.384852,2025-12-03T01:32:54.596468
noise_complaint,Ahmadi,Abu Halifa,28.895555,46.518546,2025-12-23T01:57:17.132552
assault,Ahmadi,Mangaf,29.308163,48.216018,2025-12-03T10:14:49.046444
fire,Mubarak Al-Kabeer,Qurain,28.543265,48.319398,2025-12-07T04:57:14.887203
domestic_dispute,Jahra,Sulaibiya,29.1269,48.069312,2025-10-25T02:23:34.816497
fire,Farwaniya,Khaitan,28.561583,47.817784,2025-10-29T14:43:27.093125
medical_emergency,Jahra,Naeem,28.628405,47.941474,2025-10-25T07:57:44.172164
medical_emergency,Hawalli,Mishref,29.491314,46.65066,2026-01-14T09:04:39.178979
suspicious_activity,Mubarak Al-Kabeer,Sabah Al-Salem,29.235618,47.672474,2026-01-14T12:26:59.610104
noise_complaint,Farwaniya,Ardiya,29.84169,47.32805,2026-01-06T05:12:31.694543
traffic_accident,Mubarak Al-Kabeer,Qurain,28.571866,47.392619,2025-12-29T12:26:20.118776
vandalism,Farwaniya,Khaitan,29.02839,47.780973,2025-11-18T12:53:34.380325
theft,Hawalli,Rumaithiya,29.568053,47.4316,2025-10-22T10:49:45.049890
medical_emergency,Hawalli,Salmiya,29.310821,46.94681,2025-11-19T21:08:19.946084
suspicious_activity,Jahra,Naeem,29.444352,48.11436,2025-11-06T21:35:38.106090
medical_emergency,Mubarak Al-Kabeer,Adan,29.697517,47.89111,2026-01-12T10:39:32.049571
assault,Mubarak Al-Kabeer,Sabah Al-Salem,29.423547,47.301534,2025-11-08T09:21:50.966913
fire,Hawalli,Salmiya,29.428071,46.664218,2025-12-18T04:06:28.658430
fire,Farwaniya,Khaitan,28.664206,47.974818,2025-12-28T09:21:53.013378
vandalism,Hawalli,Bayan,29.325513,48.218676,2025-12-12T02:20:08.409477
medical_emergency,Farwaniya,Khaitan,30.092083,46.875383,2025-12-04T09:19:09.358434
vandalism,Ahmadi,Fintas,29.653588,46.665433,2025-11-03T09:43:51.012380
vandalism,Capital,Mirqab,29.214037,47.390568,2025-12-14T13:12:32.387411
domestic_dispute,Farwaniya,Jleeb Al-Shuyoukh,28.870819,46.989127,2025-12-02T00:30:28.112886
suspicious_activity,Capital,Salhiya,28.871341,47.684218,2025-10-26T04:09:49.124879
fire,Mubarak Al-Kabeer,Sabah Al-Salem,28.555398,47.989446,2025-12-20T12:24:50.586810
domestic_dispute,Mubarak Al-Kabeer,Mubarak Al-Kabeer,29.875075,47.929223,2025-10-24T08:48:21.780879
noise_complaint,Jahra,Jahra,29.38589,47.272037,2026-01-09T19:08:41.564206
theft,Hawalli,Salmiya,29.75001,47.623645,2025-12-28T14:18:59.116717
fire,Hawalli,Bayan,29.869423,47.023043,2025-12-11T13:57:59.667355
suspicious_activity,Jahra,Jahra,29.769199,48.289443,2025-11-19T17:11:45.896075
assault,Capital,Mirqab,28.500443,47.127688,2025-12-07T05:16:29.038980
domestic_dispute,Ahmadi,Ahmadi,28.69735,47.78209,2026-01-05T17:52:22.033523
suspicious_activity,Jahra,Qasr,29.547553,46.606054,2026-01-13T03:22:34.661466
fire,Capital,Salhiya,28.812339,46.867736,2025-11-02T22:25:47.185802
medical_emergency,Farwaniya,Khaitan,29.272978,47.710794,2025-12-12T00:17:52.093035
traffic_accident,Hawalli,Rumaithiya,29.007984,47.918046,2025-12-16T10:02:22.683770
noise_complaint,Farwaniya,Jleeb Al-Shuyoukh,30.071144,46.785071,2025-10-19T17:31:42.806431
theft,Jahra,Sulaibiya,29.337467,48.225232,2025-12-16T07:55:34.676862
medical_emergency,Ahmadi,Mangaf,29.853135,48.19123,2025-10-18T12:15:47.861464
vandalism,Farwaniya,Farwaniya,29.981474,48.121892,2025-12-31T09:47:27.955781
fire,Hawalli,Bayan,28.741695,46.705515,2025-11-22T01:40:47.003503
domestic_dispute,Hawalli,Mishref,29.5303,48.016564,2025-12-15T00:59:14.698090
assault,Ahmadi,Ahmadi,29.079144,47.505654,2026-01-03T19:29:17.402094
assault,Capital,Mirqab,28.660933,48.292295,2026-01-09T02:25:35.411420
noise_complaint,Farwaniya,Farwaniya,29.344671,46.943574,2026-01-02T16:16:54.511856
fire,Capital,Sharq,28.845215,46.577393,2025-12-20T04:54:08.499555
vandalism,Mubarak Al-Kabeer,Mubarak Al-Kabeer,29.011195,46.784855,2025-11-12T09:30:32.582533
traffic_accident,Capital,Sharq,28.513056,48.120492,2025-11-06T09:21:14.919956
theft,Mubarak Al-Kabeer,Mubarak Al-Kabeer,28.58458,48.352528,2025-11-22T04:02:14.411142
vandalism,Mubarak Al-Kabeer,Mubarak Al-Kabeer,29.492973,46.929948,2025-12-02T02:02:31.660692
traffic_accident,Mubarak Al-Kabeer,Mubarak Al-Kabeer,29.146589,46.721357,2025-11-13T19:26:57.021305
suspicious_activity,Farwaniya,Jleeb Al-Shuyoukh,29.44252,47.765499,2025-12-31T00:03:18.583572
fire,Hawalli,Salmiya,28.604047,47.161596,2026-01-14T13:38:45.217917
domestic_dispute,Hawalli,Bayan,29.759908,46.75037,2025-11-24T14:57:23.808150
domestic_dispute,Ahmadi,Mangaf,29.297353,47.681113,2025-10-21T05:38:46.112602
medical_emergency,Mubarak Al-Kabeer,Sabah Al-Salem,29.301637,47.093618,2025-11-17T07:36:51.243660
noise_complaint,Capital,Salhiya,29.536144,47.858046,2025-11-28T23:49:48.160378
noise_complaint,Jahra,Qasr,29.647262,46.895092,2025-12-29T05:20:08.193774
assault,Ahmadi,Abu Halifa,29.06093,46.65847,2025-11-28T12:31:02.973264
vandalism,Ahmadi,Fintas,28.971346,47.954692,2025-11-07T13:13:57.788773
fire,Hawalli,Bayan,29.037081,48.224366,2025-12-23T11:08:47.885233
theft,Jahra,Naeem,28.640568,46.934297,2025-10-23T19:44:21.865210
assault,Capital,Sharq,30.00686,47.857111,2025-10-20T05:12:17.664033
assault,Hawalli,Mishref,29.953449,48.023942,2025-12-28T10:00:13.910220
vandalism,Hawalli,Rumaithiya,30.087647,48.169887,2025-11-17T04:29:44.491142
traffic_accident,Jahra,Qasr,29.540333,46.865895,2025-11-13T06:25:18.021620
assault,Farwaniya,Ardiya,28.551062,48.245044,2025-12-28T09:59:37.409763
noise_complaint,Mubarak Al-Kabeer,Sabah Al-Salem,28.53581,47.564578,2025-10-21T15:58:05.650883
theft,Hawalli,Salmiya,29.775616,47.963379,2025-12-27T16:06:08.495442
fire,Ahmadi,Fintas,30.054178,48.36971,2025-11-05T17:49:35.025496
traffic_accident,Mubarak Al-Kabeer,Qurain,28.953487,47.402338,2025-12-18T16:05:15.372805
assault,Ahmadi,Mangaf,28.975026,47.189778,2025-12-29T03:39:56.135285
suspicious_activity,Capital,Salhiya,29.918968,48.397811,2026-01-02T16:14:17.395579
medical_emergency,Capital,Salhiya,29.301398,46.801693,2025-12-04T00:38:21.421308
vandalism,Hawalli,Rumaithiya,28.851095,48.088031,2025-10-23T18:36:51.576409
theft,Mubarak Al-Kabeer,Mubarak Al-Kabeer,29.017139,48.43649,2025-12-31T02:08:45.294447
vandalism,Ahmadi,Fahaheel,30.031643,46.843127,2025-11-03T08:46:45.253014
noise_complaint,Farwaniya,Khaitan,28.815632,47.016549,2025-12-07T17:35:28.057556
suspicious_activity,Mubarak Al-Kabeer,Adan,30.006484,48.15658,2026-01-14T13:57:29.677742
theft,Ahmadi,Ahmadi,29.761751,47.22323,2025-10-19T01:19:29.054694
noise_complaint,Jahra,Jahra,29.382216,48.314479,2025-10-30T02:11:39.455238
assault,Ahmadi,Mangaf,29.346365,46.841126,2025-11-26T01:10:05.768123
theft,Hawalli,Bayan,29.191521,48.067296,2025-10-26T04:24:55.964799
traffic_accident,Hawalli,Bayan,29.056445,47.205411,2026-01-03T21:35:22.291763
traffic_accident,Mubarak Al-Kabeer,Mubarak Al-Kabeer,28.633338,48.118344,2025-12-22T00:08:17.145948
traffic_accident,Mubarak Al-Kabeer,Sabah Al-Salem,29.21491,46.503704,2025-11-17T16:08:13.455323
suspicious_activity,Hawalli,Bayan,29.113342,47.526138,2025-10-20T18:01:35.331171
domestic_dispute,Mubarak Al-Kabeer,Mubarak Al-Kabeer,29.438705,47.962675,2025-12-17T00:11:55.954078
theft,Jahra,Qasr,28.880788,47.073374,2025-10-22T20:33:45.941975
medical_emergency,Hawalli,Rumaithiya,28.847743,47.942629,2025-11-06T07:15:26.667301
fire,Jahra,Qasr,29.186669,48.455117,2025-12-23T04:43:39.023044
theft,Capital,Sharq,29.835989,47.069342,2025-10-23T22:17:44.868181
vandalism,Hawalli,Salmiya,29.46296,47.095209,2025-12-24T11:50:45.745563
noise_complaint,Ahmadi,Fintas,29.197251,48.10748,2025-11-03T01:23:08.524163
assault,Mubarak Al-Kabeer,Adan,28.93914,47.771887,2025-12-25T11:04:12.630826
theft,Mubarak Al-Kabeer,Sabah Al-Salem,29.200249,48.360689,2026-01-01T17:32:54.868151
domestic_dispute,Farwaniya,Ardiya,29.027795,47.557347,2025-11-12T03:09:18.117842
vandalism,Capital,Dasman,29.188189,48.299763,2025-12-05T18:52:13.976281
traffic_accident,Capital,Salhiya,28.786703,47.234277,2025-12-05T00:16:55.454349
theft,Capital,Mirqab,28.544529,46.784552,2025-10-21T01:14:00.892938
vandalism,Hawalli,Salmiya,28.846817,46.611232,2025-12-22T19:45:50.592724
theft,Jahra,Jahra,29.30891,48.434601,2025-12-01T22:14:54.100624
suspicious_activity,Capital,Kuwait City,29.252581,46.534821,2025-11-03T04:08:01.095220
medical_emergency,Ahmadi,Ahmadi,29.915349,46.904489,2025-10-27T12:48:58.488675
suspicious_activity,Farwaniya,Farwaniya,28.683477,46.999065,2025-11-28T07:05:57.786476
fire,Jahra,Jahra,28.733503,47.26495,2025-11-26T15:48:23.221060
suspicious_activity,Ahmadi,Abu Halifa,29.242951,47.39933,2025-11-04T17:55:28.637506
assault,Farwaniya,Khaitan,29.212748,47.119177,2025-10-21T01:01:44.850630
vandalism,Mubarak Al-Kabeer,Sabah Al-Salem,29.981925,47.260947,2025-11-05T15:43:50.339437
theft,Hawalli,Rumaithiya,29.634933,47.815366,2025-12-22T13:22:40.721052
domestic_dispute,Hawalli,Mishref,29.552653,46.621545,2025-12-30T12:56:10.567322
medical_emergency,Capital,Salhiya,29.000613,48.478065,2025-12-08T05:07:05.162407
vandalism,Ahmadi,Abu Halifa,29.534501,47.218021,2025-11-27T05:49:59.736314
assault,Mubarak Al-Kabeer,Adan,29.512588,48.279868,2025-12-29T14:45:39.501036
theft,Mubarak Al-Kabeer,Adan,29.32739,47.562699,2025-11-25T12:25:07.633394
theft,Jahra,Qasr,28.989673,48.495651,2025-12-29T02:38:44.250782
fire,Capital,Salhiya,28.649627,47.317698,2025-12-01T23:46:51.409141
medical_emergency,Hawalli,Rumaithiya,29.240962,46.537472,2025-12-08T15:50:17.999210
noise_complaint,Farwaniya,Farwaniya,28.518011,48.100546,2025-12-22T12:43:55.135158
vandalism,Farwaniya,Jleeb Al-Shuyoukh,28.902361,48.203262,2026-01-14T07:03:34.745929
domestic_dispute,Farwaniya,Jleeb Al-Shuyoukh,28.503001,46.548838,2025-11-10T14:03:36.362833
fire,Hawalli,Bayan,29.195472,47.529266,2025-12-11T23:22:31.377384
vandalism,Hawalli,Hawalli,28.652174,47.737161,2025-10-27T05:40:47.500317
traffic_accident,Ahmadi,Fahaheel,30.00962,47.852026,2025-12-17T04:16:19.407097
fire,Farwaniya,Ardiya,29.653674,48.290019,2025-12-17T23:08:50.701990
assault,Hawalli,Bayan,29.307385,48.012515,2025-11-24T21:51:57.510207
vandalism,Farwaniya,Khaitan,29.707682,48.468002,2025-12-08T01:09:36.170328
noise_complaint,Mubarak Al-Kabeer,Sabah Al-Salem,28.908776,47.7229,2026-01-03T02:26:33.106405
suspicious_activity,Farwaniya,Khaitan,29.577124,46.917422,2025-12-14T16:14:16.556690
domestic_dispute,Jahra,Jahra,28.960323,46.642158,2025-10-19T17:34:53.491827
domestic_dispute,Mubarak Al-Kabeer,Qurain,30.051377,47.733352,2025-12-21T00:37:09.425744
assault,Ahmadi,Abu Halifa,29.807779,47.681577,2025-11-28T01:54:54.742334
domestic_dispute,Mubarak Al-Kabeer,Mubarak Al-Kabeer,29.401322,47.21586,2026-01-12T11:21:29.206826
domestic_dispute,Capital,Sharq,29.075882,46.724185,2025-12-23T07:18:29.455070
noise_complaint,Capital,Sharq,28.777884,47.687362,2025-12-27T14:52:47.583982
assault,Mubarak Al-Kabeer,Adan,28.794849,47.114263,2025-12-22T10:36:19.248691
domestic_dispute,Ahmadi,Ahmadi,29.639827,47.736209,2025-10-30T09:21:39.744118
suspicious_activity,Mubarak Al-Kabeer,Adan,30.001079,47.555868,2025-12-28T12:14:22.101756
theft,Ahmadi,Fintas,29.070538,46.871823,2025-12-03T13:38:31.765791
noise_complaint,Mubarak Al-Kabeer,Sabah Al-Salem,28.657596,46.562882,2025-12-14T01:05:34.849615
traffic_accident,Jahra,Sulaibiya,29.174045,48.25149,2026-01-08T04:48:11.613156
vandalism,Mubarak Al-Kabeer,Sabah Al-Salem,29.453828,47.202888,2026-01-04T06:36:39.809058
fire,Mubarak Al-Kabeer,Adan,29.898969,46.923052,2026-01-03T20:28:12.037534
medical_emergency,Mubarak Al-Kabeer,Sabah Al-Salem,29.56354,47.844587,2025-11-20T07:23:24.415452
suspicious_activity,Mubarak Al-Kabeer,Sabah Al-Salem,28.636969,46.730856,2026-01-14T05:23:38.049554
fire,Jahra,Jahra,28.766591,46.90417,2025-10-21T08:51:19.988000
domestic_dispute,Ahmadi,Mangaf,28.775823,46.684084,2026-01-10T01:57:04.541661
domestic_dispute,Farwaniya,Farwaniya,28.916214,48.019275,2025-11-26T16:53:13.799505
suspicious_activity,Capital,Sharq,29.243348,46.752367,2025-11-05T08:00:24.469375
medical_emergency,Capital,Dasman,28.866859,47.988389,2026-01-13T00:48:07.111413
noise_complaint,Jahra,Sulaibiya,29.564548,48.074525,2025-10-29T14:47:23.582455
noise_complaint,Ahmadi,Fahaheel,30.092158,48.476043,2025-10-24T22:16:46.343640
fire,Mubarak Al-Kabeer,Sabah Al-Salem,29.689855,46.987365,2025-12-12T09:57:20.777229
theft,Farwaniya,Jleeb Al-Shuyoukh,28.675649,47.436384,2025-12-02T15:15:20.104484
vandalism,Ahmadi,Mangaf,29.174668,46.93461,2025-12-24T14:44:41.770436
suspicious_activity,Farwaniya,Khaitan,28.885154,47.746321,2025-12-22T17:24:05.430999
traffic_accident,Mubarak Al-Kabeer,Adan,29.712472,46.94677,2025-12-02T16:00:23.233007
assault,Jahra,Qasr,28.587686,47.736881,2025-12-19T09:20:32.155175
vandalism,Ahmadi,Fahaheel,29.428735,47.661086,2025-11-30T18:12:38.680928
assault,Mubarak Al-Kabeer,Adan,28.662339,46.765854,2025-11-01T06:52:25.964037
noise_complaint,Jahra,Jahra,30.070832,47.23867,2025-12-25T16:08:34.263845
traffic_accident,Ahmadi,Mangaf,29.296163,47.190452,2025-12-24T21:42:34.484550
medical_emergency,Hawalli,Mishref,28.631205,47.57984,2025-11-07T21:45:07.587440
vandalism,Jahra,Sulaibiya,30.024145,48.326905,2026-01-14T22:59:43.970309
traffic_accident,Ahmadi,Fintas,29.364077,48.194327,2025-11-04T03:01:56.467266
noise_complaint,Ahmadi,Ahmadi,29.39547,47.46199,2026-01-06T23:29:29.706233
medical_emergency,Mubarak Al-Kabeer,Sabah Al-Salem,29.66787,47.87066,2025-11-01T04:07:59.248626
traffic_accident,Ahmadi,Fahaheel,29.930659,48.259756,2026-01-03T14:10:09.941483
fire,Farwaniya,Ardiya,29.494365,48.403614,2026-01-06T11:36:47.307132
vandalism,Farwaniya,Khaitan,29.516913,47.537789,2025-11-02T06:19:37.394576
domestic_dispute,Farwaniya,Jleeb Al-Shuyoukh,29.51354,47.774699,2025-12-14T21:54:59.407614
vandalism,Jahra,Sulaibiya,29.764224,47.851491,2025-12-12T06:27:52.308446
assault,Farwaniya,Khaitan,29.215914,47.235325,2025-12-26T01:57:51.664261
noise_complaint,Mubarak Al-Kabeer,Mubarak Al-Kabeer,29.107371,47.193486,2025-11-13T06:34:53.667744
vandalism,Jahra,Qasr,29.416631,47.500732,2025-11-16T11:11:52.008041
traffic_accident,Hawalli,Salmiya,29.830195,48.37826,2025-12-28T21:08:28.089673
theft,Capital,Mirqab,28.97372,48.382709,2025-11-21T16:53:41.675201
noise_complaint,Jahra,Qasr,29.08262,46.812343,2025-11-19T18:50:11.485253
vandalism,Hawalli,Hawalli,28.749061,47.885615,2025-12-29T00:02:50.076198
vandalism,Capital,Mirqab,29.082022,46.948959,2025-12-22T18:15:43.139311
medical_emergency,Hawalli,Mishref,29.943906,46.982621,2026-01-16T08:09:11.875055
traffic_accident,Capital,Sharq,29.369598,46.963921,2026-01-01T07:24:26.919972
theft,Hawalli,Salmiya,28.922766,47.346,2026-01-13T22:47:37.224174
noise_complaint,Ahmadi,Mangaf,29.915592,47.16629,2025-12-16T00:38:35.559572
vandalism,Capital,Sharq,29.522844,46.705708,2025-10-31T07:05:53.193658
traffic_accident,Ahmadi,Fahaheel,29.963381,47.036328,2025-12-01T17:12:13.564369
assault,Ahmadi,Fintas,29.936937,46.890182,2025-12-24T21:24:44.196333
noise_complaint,Mubarak Al-Kabeer,Qurain,29.282575,47.277331,2025-11-10T05:41:56.663424
medical_emergency,Jahra,Qasr,30.068388,47.876297,2025-12-15T23:40:04.199826
suspicious_activity,Ahmadi,Fintas,28.61647,46.596322,2025-11-27T02:52:47.961154
theft,Hawalli,Mishref,29.818184,48.09313,2025-11-23T06:20:29.800997
medical_emergency,Ahmadi,Fahaheel,29.583741,47.781736,2025-11-08T07:56:05.136584
domestic_dispute,Jahra,Naeem,28.814905,48.05183,2025-12-05T01:22:00.537124
theft,Jahra,Jahra,29.185358,48.219847,2025-12-10T02:17:58.514134
traffic_accident,Ahmadi,Fintas,29.245448,47.285855,2025-12-23T14:18:46.507323
noise_complaint,Hawalli,Mishref,29.887807,47.110055,2025-11-05T21:07:15.382587
fire,Hawalli,Mishref,29.367141,47.168761,2025-11-11T15:53:02.547438
noise_complaint,Ahmadi,Mangaf,28.599991,47.547873,2025-11-15T09:02:19.076439
vandalism,Farwaniya,Khaitan,29.613194,46.857425,2025-10-20T20:51:50.593945
fire,Ahmadi,Fintas,29.970416,46.720559,2025-10-23T01:17:00.626656
traffic_accident,Ahmadi,Fintas,28.585503,46.554909,2026-01-06T21:05:09.638326
traffic_accident,Jahra,Sulaibiya,28.624816,46.947395,2025-12-01T02:48:11.557136
medical_emergency,Jahra,Sulaibiya,30.000842,46.643207,2026-01-12T09:23:41.165652
vandalism,Mubarak Al-Kabeer,Qurain,28.881288,47.604708,2025-11-18T17:43:34.693235
domestic_dispute,Capital,Kuwait City,28.900891,47.47288,2026-01-02T05:28:51.396510
suspicious_activity,Mubarak Al-Kabeer,Sabah Al-Salem,28.979929,47.574725,2025-12-11T09:46:08.894343
assault,Hawalli,Rumaithiya,29.963538,47.494057,2025-11-25T19:46:51.817600
fire,Mubarak Al-Kabeer,Adan,29.230391,47.390578,2026-01-16T05:40:25.676219
vandalism,Hawalli,Hawalli,29.013366,47.371481,2025-10-31T00:15:22.361887
medical_emergency,Jahra,Naeem,29.227385,47.338265,2025-11-14T12:36:14.376218
domestic_dispute,Farwaniya,Jleeb Al-Shuyoukh,28.844283,47.886638,2025-11-29T14:57:22.046145
medical_emergency,Farwaniya,Khaitan,29.66728,48.024909,2025-12-31T03:45:19.619609
domestic_dispute,Capital,Dasman,29.833413,46.678878,2025-10-29T14:07:56.883509
vandalism,Hawalli,Mishref,29.151871,47.869435,2025-11-25T01:45:29.301399
assault,Mubarak Al-Kabeer,Adan,29.499487,48.395262,2025-12-11T02:16:29.835667
medical_emergency,Jahra,Qasr,28.825924,46.612294,2025-12-14T17:54:35.605813
vandalism,Hawalli,Mishref,29.719768,48.271712,2025-10-31T07:49:30.046235
vandalism,Mubarak Al-Kabeer,Adan,29.810128,46.748959,2025-11-25T08:12:38.711098
medical_emergency,Jahra,Qasr,29.522138,46.54284,2025-10-27T21:37:38.683274
noise_complaint,Jahra,Sulaibiya,28.641805,47.160291,2025-11-09T11:40:39.677257
noise_complaint,Capital,Sharq,29.310928,47.886146,2026-01-13T04:36:12.639239
medical_emergency,Jahra,Qasr,28.742384,47.748538,2025-10-31T06:34:01.987146
noise_complaint,Hawalli,Hawalli,29.304493,46.66017,2025-12-11T19:07:34.790134
medical_emergency,Ahmadi,Ahmadi,28.854796,48.022554,2025-12-19T08:59:41.118781
theft,Capital,Dasman,29.437609,46.633656,2025-11-21T16:40:01.332027
traffic_accident,Mubarak Al-Kabeer,Adan,29.10992,48.023023,2025-12-07T03:20:18.569036
vandalism,Ahmadi,Fahaheel,28.698252,48.028166,2025-11-05T16:56:56.330906
noise_complaint,Ahmadi,Ahmadi,28.698562,47.233087,2025-11-03T20:35:50.127813
traffic_accident,Ahmadi,Mangaf,28.557346,47.19191,2025-12-11T07:15:01.160978
traffic_accident,Hawalli,Rumaithiya,30.074612,47.883445,2025-11-28T05:31:39.966605
fire,Hawalli,Hawalli,29.249534,46.576157,2026-01-02T00:11:46.611808
suspicious_activity,Jahra,Qasr,30.082739,47.305599,2025-11-16T19:50:58.460609
theft,Capital,Sharq,29.109895,48.213484,2025-10-19T19:12:35.259900
medical_emergency,Mubarak Al-Kabeer,Sabah Al-Salem,29.651166,48.263408,2025-11-07T03:22:32.783770
vandalism,Farwaniya,Khaitan,28.828261,46.562309,2025-12-01T23:04:27.632754
fire,Jahra,Sulaibiya,29.564092,48.169157,2025-12-28T07:21:39.223347
fire,Hawalli,Mishref,29.203611,47.915279,2025-12-17T18:29:39.726909
theft,Mubarak Al-Kabeer,Sabah Al-Salem,29.730703,47.883917,2025-11-02T09:34:21.524102
noise_complaint,Farwaniya,Farwaniya,29.972389,47.2383,2025-12-31T03:12:19.573912
assault,Farwaniya,Jleeb Al-Shuyoukh,28.843415,47.969967,2025-11-20T03:35:11.563453
fire,Farwaniya,Farwaniya,28.735791,47.982999,2025-11-17T03:43:18.478403
domestic_dispute,Ahmadi,Fintas,29.204124,47.797733,2025-11-12T21:44:34.396602
suspicious_activity,Ahmadi,Mangaf,29.449179,47.102319,2025-12-28T03:35:28.601624
assault,Hawalli,Rumaithiya,29.731079,48.044287,2025-10-26T05:07:15.527697
noise_complaint,Ahmadi,Abu Halifa,28.518177,46.652902,2025-12-22T11:24:52.404884
vandalism,Capital,Kuwait City,29.243029,47.073749,2025-12-27T19:29:28.139189
theft,Farwaniya,Ardiya,29.240939,46.568898,2025-11-23T06:58:47.417958
medical_emergency,Farwaniya,Ardiya,28.622551,48.316574,2026-01-02T09:20:55.357776
vandalism,Capital,Sharq,30.060804,47.939676,2025-11-24T22:34:45.739636
theft,Jahra,Naeem,29.865345,48.408875,2025-12-09T04:36:59.295751
assault,Mubarak Al-Kabeer,Sabah Al-Salem,28.760323,46.75142,2026-01-16T05:52:23.224932
theft,Ahmadi,Mangaf,30.00516,47.949719,2025-11-08T16:36:44.408173
vandalism,Farwaniya,Khaitan,29.221556,47.626454,2025-12-29T16:45:38.561272
domestic_dispute,Mubarak Al-Kabeer,Adan,29.142433,47.623786,2026-01-02T22:01:20.546588
theft,Jahra,Naeem,29.981532,47.804539,2025-11-21T05:55:10.004526
theft,Jahra,Naeem,29.141827,47.259794,2026-01-15T23:12:15.594232
vandalism,Capital,Sharq,28.60908,47.365593,2025-12-03T08:03:53.078945
assault,Jahra,Sulaibiya,29.242264,46.920453,2025-11-27T07:16:38.395497
noise_complaint,Capital,Kuwait City,29.638011,47.663062,2025-11-12T18:10:45.973700
theft,Capital,Kuwait City,28.973403,46.763405,2025-10-31T19:34:19.786270
assault,Ahmadi,Mangaf,29.993351,47.233748,2025-10-28T16:51:36.902915
domestic_dispute,Jahra,Naeem,29.103522,47.630773,2025-11-04T04:19:47.841292
theft,Hawalli,Bayan,29.122793,47.646201,2025-11-19T23:12:01.940489
domestic_dispute,Jahra,Qasr,29.121438,47.255829,2025-12-31T01:12:47.915291
traffic_accident,Ahmadi,Abu Halifa,28.611441,47.8471,2025-11-16T12:13:46.439656
vandalism,Jahra,Qasr,29.308296,48.357561,2025-12-25T18:37:52.993862
traffic_accident,Mubarak Al-Kabeer,Qurain,29.450583,46.992432,2025-11-12T18:35:10.072328
traffic_accident,Ahmadi,Mangaf,29.223163,46.895663,2025-11-23T15:59:14.370085
theft,Ahmadi,Mangaf,29.014532,47.358243,2025-12-13T20:53:50.336110
assault,Farwaniya,Ardiya,30.066545,48.168136,2025-11-04T10:01:48.753772
assault,Jahra,Sulaibiya,29.741106,47.332375,2025-11-01T23:54:53.330290
medical_emergency,Mubarak Al-Kabeer,Adan,29.150271,46.94574,2025-10-25T09:03:42.288454
noise_complaint,Ahmadi,Ahmadi,30.097639,47.329122,2026-01-10T23:01:23.958911
assault,Jahra,Jahra,28.58923,47.171233,2025-11-22T14:44:33.190604
domestic_dispute,Mubarak Al-Kabeer,Mubarak Al-Kabeer,29.008016,48.305205,2025-11-23T12:28:34.964349
suspicious_activity,Jahra,Jahra,28.919524,48.308543,2026-01-14T02:39:24.055611
traffic_accident,Mubarak Al-Kabeer,Adan,29.44049,47.764782,2025-11-07T08:21:22.796272
traffic_accident,Farwaniya,Jleeb Al-Shuyoukh,29.673516,47.347105,2025-11-07T04:36:29.857996
domestic_dispute,Ahmadi,Fahaheel,29.825119,48.067631,2025-11-26T15:31:23.937063
suspicious_activity,Farwaniya,Ardiya,29.466768,47.24353,2025-12-09T06:37:59.442522
suspicious_activity,Farwaniya,Jleeb Al-Shuyoukh,29.866322,46.864168,2026-01-07T13:08:05.567414
traffic_accident,Mubarak Al-Kabeer,Sabah Al-Salem,29.162771,46.727388,2025-11-03T13:02:33.598385
noise_complaint,Capital,Kuwait City,30.082259,46.911324,2025-10-31T19:56:46.459926
domestic_dispute,Hawalli,Rumaithiya,28.587152,48.275259,2025-12-01T07:50:51.393437
theft,Mubarak Al-Kabeer,Mubarak Al-Kabeer,29.781878,47.192811,2025-10-24T18:54:45.806055
domestic_dispute,Hawalli,Hawalli,29.74526,46.635099,2025-12-11T19:55:43.409240
vandalism,Ahmadi,Fintas,29.009754,47.495298,2025-11-10T19:51:29.872057
theft,Jahra,Jahra,29.377285,47.077179,2025-10-28T12:02:45.215805
suspicious_activity,Ahmadi,Ahmadi,29.016202,46.770805,2025-12-16T11:01:53.730111
noise_complaint,Jahra,Sulaibiya,29.277338,47.262135,2025-11-15T05:22:22.234069
fire,Ahmadi,Ahmadi,29.561024,48.104779,2025-12-10T06:59:58.028496
traffic_accident,Jahra,Qasr,28.919073,47.87067,2025-12-25T17:25:34.579465
theft,Capital,Sharq,28.874195,48.05724,2025-12-25T07:48:29.698602
domestic_dispute,Mubarak Al-Kabeer,Qurain,29.637468,48.379174,2026-01-14T21:47:57.854241
fire,Ahmadi,Mangaf,29.193627,47.666017,2026-01-01T00:13:40.630014
domestic_dispute,Jahra,Qasr,28.847713,48.00806,2025-11-10T02:34:42.113427
traffic_accident,Mubarak Al-Kabeer,Qurain,29.595607,46.558767,2026-01-12T07:30:21.007614
assault,Mubarak Al-Kabeer,Sabah Al-Salem,29.376919,47.668216,2025-11-11T03:40:35.057263
vandalism,Jahra,Sulaibiya,29.063394,48.484397,2025-12-19T23:51:28.893833
vandalism,Mubarak Al-Kabeer,Adan,28.711235,47.487688,2025-11-20T12:52:57.718771
fire,Jahra,Jahra,29.222869,46.591484,2025-12-06T00:37:21.260978
domestic_dispute,Ahmadi,Abu Halifa,28.699808,47.156939,2025-11-07T03:56:28.247144
traffic_accident,Capital,Mirqab,28.556494,46.853732,2025-11-08T13:59:47.741822
fire,Farwaniya,Farwaniya,29.843953,47.083411,2025-11-18T20:35:57.391303
traffic_accident,Capital,Kuwait City,28.923564,48.372971,2026-01-11T14:13:42.363826
domestic_dispute,Ahmadi,Fahaheel,29.282381,48.286177,2025-11-22T11:08:59.666454
noise_complaint,Capital,Dasman,29.396199,48.05727,2025-10-19T18:45:16.982974
medical_emergency,Mubarak Al-Kabeer,Adan,29.832637,47.789303,2025-11-26T22:40:35.420710
traffic_accident,Mubarak Al-Kabeer,Sabah Al-Salem,29.439029,46.887463,2025-11-23T22:05:18.515492
suspicious_activity,Farwaniya,Farwaniya,29.936469,47.31069,2025-11-24T13:02:38.278981
noise_complaint,Farwaniya,Farwaniya,29.633279,47.253905,2025-11-03T22:57:54.274502
suspicious_activity,Mubarak Al-Kabeer,Adan,29.14272,47.076663,2025-11-03T04:41:56.383062
domestic_dispute,Capital,Kuwait City,28.859036,48.492756,2026-01-03T05:20:53.057435
suspicious_activity,Hawalli,Salmiya,29.303661,47.990322,2025-11-06T21:55:44.112035
fire,Hawalli,Rumaithiya,28.547371,46.717621,2025-12-10T06:21:26.092320
assault,Jahra,Qasr,29.498781,46.692133,2025-12-30T18:05:13.513829
traffic_accident,Jahra,Naeem,29.318889,48.143514,2026-01-07T21:39:25.329902
suspicious_activity,Capital,Dasman,29.309997,47.150001,2025-12-01T23:40:09.158251
medical_emergency,Ahmadi,Fintas,30.096079,47.214859,2025-12-24T08:05:28.812344
medical_emergency,Farwaniya,Jleeb Al-Shuyoukh,28.802751,47.478489,2025-11-09T22:59:56.228990
vandalism,Ahmadi,Mangaf,29.797642,46.799277,2025-11-05T23:03:14.026255
traffic_accident,Ahmadi,Fahaheel,29.546722,46.895888,2025-11-25T14:24:20.274434
domestic_dispute,Capital,Kuwait City,28.839227,48.376932,2026-01-08T22:29:29.762631
assault,Farwaniya,Farwaniya,29.948843,48.392333,2026-01-16T00:58:17.962194
theft,Capital,Kuwait City,29.075635,47.830335,2025-12-12T16:31:52.769953
noise_complaint,Hawalli,Bayan,29.632299,47.549302,2026-01-07T03:30:41.882990
fire,Ahmadi,Abu Halifa,28.973709,46.699165,2025-11-17T19:52:06.305781
medical_emergency,Farwaniya,Jleeb Al-Shuyoukh,29.511625,48.134158,2025-12-14T09:17:21.141210
theft,Hawalli,Bayan,28.81124,48.039668,2025-12-17T07:02:59.478086
fire,Ahmadi,Mangaf,28.740774,47.71309,2026-01-05T15:34:14.370710
assault,Mubarak Al-Kabeer,Sabah Al-Salem,29.710778,47.811882,2025-10-28T11:56:36.122453
noise_complaint,Farwaniya,Ardiya,29.422886,48.346911,2025-11-15T22:49:45.117596
suspicious_activity,Mubarak Al-Kabeer,Sabah Al-Salem,29.755148,48.0306,2026-01-16T08:54:56.819691
fire,Ahmadi,Mangaf,30.088629,47.157543,2026-01-06T16:59:06.966262
theft,Ahmadi,Ahmadi,29.025196,48.202458,2025-10-31T10:15:25.751994
suspicious_activity,Hawalli,Hawalli,29.756345,47.019826,2025-11-07T09:53:49.504335
fire,Farwaniya,Farwaniya,30.033898,48.307807,2025-12-12T03:44:04.235600
fire,Ahmadi,Fintas,28.757989,48.104423,2025-12-14T20:47:57.487185
vandalism,Hawalli,Hawalli,29.926312,47.06251,2025-12-08T07:16:24.811309
medical_emergency,Hawalli,Mishref,28.522279,47.990563,2026-01-09T06:20:43.541590
fire,Farwaniya,Jleeb Al-Shuyoukh,29.071717,48.406648,2025-11-18T23:35:38.205934
theft,Capital,Kuwait City,29.069168,47.870109,2025-12-22T11:11:21.089508
vandalism,Ahmadi,Fintas,28.956665,48.400609,2025-11-23T22:05:21.416930
traffic_accident,Farwaniya,Khaitan,29.226152,47.01218,2025-10-24T09:22:02.241373
noise_complaint,Mubarak Al-Kabeer,Sabah Al-Salem,29.028248,47.930799,2025-11-03T03:55:22.923093
suspicious_activity,Farwaniya,Farwaniya,28.551748,47.06288,2025-11-12T07:42:08.111964
noise_complaint,Farwaniya,Jleeb Al-Shuyoukh,28.899,47.032265,2025-10-18T14:54:29.935447
noise_complaint,Mubarak Al-Kabeer,Sabah Al-Salem,29.524509,47.9105,2025-10-19T10:29:41.390891
assault,Mubarak Al-Kabeer,Mubarak Al-Kabeer,29.551415,48.34068,2025-12-04T03:13:35.892438
fire,Jahra,Jahra,29.128135,47.494335,2025-11-16T05:11:24.563402
vandalism,Ahmadi,Fintas,29.438969,47.304905,2025-12-15T14:51:07.869222
noise_complaint,Capital,Kuwait City,30.074351,48.445866,2025-12-24T09:12:59.039534
theft,Farwaniya,Jleeb Al-Shuyoukh,29.46671,46.504036,2025-11-13T00:43:16.942043
fire,Farwaniya,Khaitan,29.281078,46.942253,2025-12-15T21:54:35.141524
medical_emergency,Ahmadi,Ahmadi,28.967424,48.219416,2025-12-09T07:12:12.913555
theft,Farwaniya,Jleeb Al-Shuyoukh,28.741864,47.492985,2025-11-06T06:56:37.689899
noise_complaint,Hawalli,Rumaithiya,29.616189,47.582586,2026-01-12T09:29:10.618826
theft,Mubarak Al-Kabeer,Adan,28.632619,46.592513,2025-10-27T14:14:27.702346
traffic_accident,Capital,Salhiya,30.087314,48.015896,2026-01-12T07:10:41.422934
medical_emergency,Farwaniya,Farwaniya,29.106454,48.315839,2025-11-05T15:58:52.375684
assault,Capital,Dasman,29.591291,48.004217,2025-11-14T19:50:13.988459
vandalism,Mubarak Al-Kabeer,Qurain,30.096339,46.779012,2025-11-18T11:53:44.583105
fire,Ahmadi,Fintas,29.189414,46.652556,2025-12-18T03:54:56.758600
domestic_dispute,Mubarak Al-Kabeer,Mubarak Al-Kabeer,30.073398,46.973666,2026-01-13T03:00:25.280903
assault,Ahmadi,Abu Halifa,29.543753,46.757659,2025-12-08T13:26:13.766390
assault,Ahmadi,Ahmadi,29.466772,46.9389,2025-12-18T00:27:31.381351
traffic_accident,Mubarak Al-Kabeer,Adan,29.130074,46.708716,2025-12-21T09:26:51.787114
vandalism,Hawalli,Hawalli,29.274881,48.182898,2025-12-04T22:46:55.485731
theft,Farwaniya,Ardiya,28.516889,47.481635,2025-12-11T15:38:53.167308
noise_complaint,Ahmadi,Ahmadi,29.257612,46.589062,2025-10-31T15:18:31.562017
medical_emergency,Mubarak Al-Kabeer,Sabah Al-Salem,29.643091,48.491793,2025-11-06T03:12:03.857870
vandalism,Capital,Dasman,28.678063,47.266173,2025-11-02T03:31:19.249924
theft,Capital,Dasman,28.516477,48.122837,2025-12-29T11:33:30.659978
fire,Capital,Kuwait City,28.533291,47.077911,2026-01-06T06:43:50.103094
assault,Mubarak Al-Kabeer,Sabah Al-Salem,28.974791,47.934555,2025-12-11T09:23:51.490497
vandalism,Jahra,Sulaibiya,28.534532,46.666265,2025-11-14T19:23:18.273099
medical_emergency,Hawalli,Salmiya,29.27658,47.410001,2025-12-07T10:47:09.276760
theft,Ahmadi,Fintas,29.791721,47.569323,2025-11-13T02:05:03.582799
domestic_dispute,Jahra,Naeem,29.914708,47.020117,2025-12-09T18:03:42.083133
assault,Jahra,Naeem,29.386825,46.765189,2025-12-10T06:49:50.134552
fire,Jahra,Sulaibiya,29.4976,47.747613,2025-11-13T16:38:16.236046
theft,Ahmadi,Ahmadi,29.406081,48.004099,2025-11-29T10:03:48.108286
vandalism,Mubarak Al-Kabeer,Adan,29.54475,48.335924,2025-12-09T06:21:52.218875
medical_emergency,Ahmadi,Fahaheel,29.537859,47.403333,2025-10-22T12:38:44.235041
medical_emergency,Ahmadi,Fintas,29.205186,47.395129,2025-11-24T17:48:58.172940
fire,Jahra,Qasr,28.651901,47.839246,2025-11-17T05:58:35.389311
fire,Capital,Salhiya,28.672473,47.413774,2025-12-19T00:42:19.595247
assault,Capital,Salhiya,29.801817,47.533768,2025-12-25T17:35:28.982118
vandalism,Hawalli,Mishref,29.514117,47.405406,2025-10-23T17:12:54.551185
theft,Ahmadi,Abu Halifa,28.982224,48.233171,2025-12-12T20:34:26.067678
noise_complaint,Farwaniya,Khaitan,29.68076,46.803249,2026-01-11T02:44:23.712589
medical_emergency,Mubarak Al-Kabeer,Sabah Al-Salem,29.326274,47.643269,2025-12-23T08:00:41.465512
suspicious_activity,Jahra,Naeem,29.757355,47.595854,2025-10-27T21:46:01.265813
domestic_dispute,Capital,Salhiya,29.576903,48.486435,2025-10-27T23:42:48.139252
medical_emergency,Hawalli,Bayan,29.943262,47.685374,2025-11-27T20:32:30.775437
fire,Farwaniya,Jleeb Al-Shuyoukh,29.6175,48.064745,2026-01-05T12:28:38.689013
assault,Mubarak Al-Kabeer,Adan,28.90201,47.925078,2025-12-29T10:33:00.397036
suspicious_activity,Ahmadi,Mangaf,28.669781,46.533361,2025-10-24T20:48:49.787769
noise_complaint,Hawalli,Rumaithiya,29.288299,47.183351,2025-11-13T20:20:13.117206
assault,Ahmadi,Mangaf,29.8668,47.445798,2025-11-26T07:09:26.205997
vandalism,Jahra,Sulaibiya,29.681837,47.522675,2025-11-14T06:02:12.033919
fire,Capital,Kuwait City,29.703917,47.842726,2025-12-08T07:18:28.268120
domestic_dispute,Jahra,Jahra,29.739416,47.567885,2025-12-19T15:22:30.921163
medical_emergency,Mubarak Al-Kabeer,Sabah Al-Salem,29.515939,47.227264,2025-10-29T11:21:44.228009
suspicious_activity,Capital,Sharq,28.929338,48.00535,2025-12-21T05:48:20.478090
suspicious_activity,Ahmadi,Fahaheel,29.51523,47.656239,2025-10-29T17:19:11.656855
vandalism,Hawalli,Mishref,29.193479,48.082322,2025-12-07T02:40:59.631222
medical_emergency,Ahmadi,Mangaf,28.846458,48.295538,2025-11-11T22:01:06.390418
suspicious_activity,Capital,Dasman,29.503141,46.534776,2025-11-08T19:36:13.104021
domestic_dispute,Mubarak Al-Kabeer,Qurain,29.248652,47.332197,2026-01-16T10:41:26.769976
assault,Mubarak Al-Kabeer,Mubarak Al-Kabeer,28.855256,48.302857,2025-12-17T06:14:22.003021
domestic_dispute,Mubarak Al-Kabeer,Qurain,29.078999,47.854471,2025-11-01T14:35:46.097240
vandalism,Capital,Dasman,29.445336,48.322803,2026-01-14T05:55:49.502167
noise_complaint,Capital,Salhiya,28.647525,48.046191,2025-10-22T12:44:56.312930
traffic_accident,Jahra,Naeem,29.432152,46.87223,2025-11-22T15:35:46.232370
suspicious_activity,Farwaniya,Khaitan,30.063766,47.466468,2025-10-30T12:30:38.237945
noise_complaint,Farwaniya,Jleeb Al-Shuyoukh,29.258283,47.939721,2025-12-09T20:45:01.875741
noise_complaint,Jahra,Sulaibiya,29.394626,47.925218,2025-12-13T01:22:08.912514
suspicious_activity,Capital,Kuwait City,29.570237,47.204237,2025-11-27T05:45:02.731519
medical_emergency,Mubarak Al-Kabeer,Adan,29.084293,46.961722,2026-01-04T16:49:48.346406
theft,Capital,Dasman,29.258996,47.926733,2025-11-16T02:57:57.134364
assault,Capital,Mirqab,28.548892,46.726751,2025-10-21T19:50:47.684266
domestic_dispute,Capital,Kuwait City,29.937924,48.440278,2026-01-04T06:29:47.548194
fire,Ahmadi,Fintas,29.648811,48.218191,2025-11-11T17:31:05.682355
medical_emergency,Hawalli,Mishref,29.573408,47.361454,2025-10-27T16:59:10.032232
vandalism,Jahra,Qasr,29.669122,47.176727,2025-12-13T17:50:23.423997
theft,Capital,Kuwait City,28.65527,46.528418,2025-11-04T07:12:10.368661
fire,Hawalli,Salmiya,28.532225,47.846303,2025-11-29T06:40:10.792893
assault,Ahmadi,Fahaheel,29.772991,46.564202,2025-11-04T06:43:55.014488
domestic_dispute,Hawalli,Salmiya,30.053788,46.613225,2025-12-29T19:43:18.997478
domestic_dispute,Farwaniya,Khaitan,29.840374,48.148025,2026-01-12T05:46:39.120722
traffic_accident,Hawalli,Hawalli,29.2723,48.137703,2025-10-21T05:43:39.531523
domestic_dispute,Mubarak Al-Kabeer,Mubarak Al-Kabeer,28.899519,47.927496,2025-12-24T10:14:33.968834
assault,Ahmadi,Ahmadi,29.764487,46.973086,2025-11-05T22:34:46.327443
traffic_accident,Capital,Salhiya,28.538158,48.167681,2025-12-02T23:02:25.627507
traffic_accident,Capital,Salhiya,29.120321,47.643156,2025-12-21T02:16:42.207394
vandalism,Ahmadi,Abu Halifa,28.697851,48.33692,2025-10-29T16:41:12.666265
fire,Mubarak Al-Kabeer,Adan,29.460476,46.924226,2025-11-28T16:31:19.464048
vandalism,Farwaniya,Farwaniya,28.714487,47.636724,2026-01-14T08:30:50.806321
noise_complaint,Mubarak Al-Kabeer,Adan,29.113011,46.805012,2026-01-12T11:58:48.174968
theft,Mubarak Al-Kabeer,Adan,28.642746,47.739516,2025-11-07T09:22:01.606739
medical_emergency,Capital,Dasman,29.841168,47.763886,2025-11-14T17:25:04.301066
theft,Mubarak Al-Kabeer,Sabah Al-Salem,29.131986,47.86782,2025-11-21T09:06:32.054543
theft,Farwaniya,Farwaniya,29.764473,47.885179,2025-11-22T15:06:33.416723
noise_complaint,Mubarak Al-Kabeer,Qurain,28.823353,46.702568,2025-11-28T07:57:39.714603
